function_id,class_name,method_name,language,description,input,expected_behavior,cyclomatic_complexity,owner,status,notes
F001,,,,,,,,Person 4,Planned,
F002,,,,,,,,Person 4,Planned,
F003,,,,,,,,Person 4,Planned,
F004,,,,,,,,Person 4,Planned,
F005,,,,,,,,Person 4,Planned,
F006,,,,,,,,Person 4,Planned,
F007,,,,,,,,Person 4,Planned,
F008,,,,,,,,Person 4,Planned,
F009,,,,,,,,Person 4,Planned,
F010,,,,,,,,Person 4,Planned,
F011,,,,,,,,Person 4,Planned,
F012,,,,,,,,Person 4,Planned,
F013,,,,,,,,Person 4,Planned,
F014,,,,,,,,Person 4,Planned,
F015,,,,,,,,Person 4,Planned,
F016,,,,,,,,Person 4,Planned,
F017,,,,,,,,Person 4,Planned,
F018,,,,,,,,Person 4,Planned,
F019,,,,,,,,Person 4,Planned,
F020,,,,,,,,Person 4,Planned,

